national_id,first_name,last_name,date_of_birth,gender,blood_type,contact_email
27102230153215,Fatma,Shahin,1971-02-23,Male,B+,fatma.shahin52@example.com
27704210115110,Ahmed,Radwan,1977-04-21,Male,AB+,ahmed.radwan94@example.com
29501250167818,Mahmoud,Nafae,1995-01-25,Male,A+,mahmoud.nafae94@example.com
27704240142211,Fatma,Gaber,1977-04-24,Male,O+,fatma.gaber28@example.com
27801250158426,Sara,Nafae,1978-01-25,Female,O+,sara.nafae83@example.com
27207240139923,Omnia,Bakr,1972-07-24,Female,O-,omnia.bakr35@example.com
26311070139216,Mahmoud,Radwan,1963-11-07,Male,AB+,mahmoud.radwan45@example.com
29110130142310,Eslam,Bakr,1991-10-13,Male,O-,eslam.bakr96@example.com
28609240154912,Ali,Bakr,1986-09-24,Male,O-,ali.bakr97@example.com
27403260148923,Sara,Eldaly,1974-03-26,Female,O-,sara.eldaly77@example.com
26403140152328,Fatma,Shahin,1964-03-14,Female,AB-,fatma.shahin51@example.com
26709150163327,Omnia,Kamal,1967-09-15,Female,O-,omnia.kamal93@example.com
28202140130327,Ahmed,Radwan,1982-02-14,Female,AB+,ahmed.radwan16@example.com
27311260152214,Ali,Bakr,1973-11-26,Male,B+,ali.bakr40@example.com
29811040149128,Eslam,Nafae,1998-11-04,Female,O-,eslam.nafae13@example.com
29705220130115,Eslam,Radwan,1997-05-22,Male,AB-,eslam.radwan93@example.com
27402060181622,Omnia,Salem,1974-02-06,Female,B-,omnia.salem24@example.com
28904240187417,Ali,Radwan,1989-04-24,Male,AB-,ali.radwan56@example.com
26802040194428,Ahmed,Radwan,1968-02-04,Female,B-,ahmed.radwan58@example.com
29808010121218,Ali,Ragab,1998-08-01,Male,A-,ali.ragab78@example.com
29306160193217,Ali,Kamal,1993-06-16,Male,O+,ali.kamal30@example.com
28306280118122,Ahmed,Salem,1983-06-28,Female,AB+,ahmed.salem98@example.com
28601250176811,Mahmoud,Salem,1986-01-25,Male,O+,mahmoud.salem65@example.com
28402020163829,Ali,Bakr,1984-02-02,Female,B+,ali.bakr46@example.com
28507120146015,Omnia,Eldaly,1985-07-12,Male,A+,omnia.eldaly95@example.com
27506220112026,Tarek,Bakr,1975-06-22,Female,B-,tarek.bakr72@example.com
26209260116823,Mona,Gaber,1962-09-26,Female,AB+,mona.gaber90@example.com
26710260139326,Mahmoud,Salem,1967-10-26,Female,O-,mahmoud.salem88@example.com
26310150160027,Eslam,Gaber,1963-10-15,Female,O+,eslam.gaber44@example.com
26708150163425,Sara,Soliman,1967-08-15,Female,B-,sara.soliman20@example.com
27210070158518,Fatma,Shahin,1972-10-07,Male,O-,fatma.shahin88@example.com
28411060194426,Sara,Bakr,1984-11-06,Female,O-,sara.bakr70@example.com
27603230178719,Hoda,Eldaly,1976-03-23,Male,O-,hoda.eldaly71@example.com
27106080144124,Mahmoud,Soliman,1971-06-08,Female,A+,mahmoud.soliman43@example.com
26202210125911,Ali,Soliman,1962-02-21,Male,A+,ali.soliman63@example.com
29312120150015,Tarek,Eldaly,1993-12-12,Male,B-,tarek.eldaly32@example.com
26312130132213,Eslam,Bakr,1963-12-13,Male,A-,eslam.bakr30@example.com
29607070150216,Tarek,Radwan,1996-07-07,Male,O+,tarek.radwan41@example.com
26912140170818,Fatma,Salem,1969-12-14,Male,O-,fatma.salem75@example.com
28010240170710,Hoda,Bakr,1980-10-24,Male,A+,hoda.bakr45@example.com
29408210149325,Eslam,Nafae,1994-08-21,Female,AB-,eslam.nafae61@example.com
26107160140015,Tarek,Radwan,1961-07-16,Male,O-,tarek.radwan24@example.com
29607270192327,Hoda,Soliman,1996-07-27,Female,AB+,hoda.soliman89@example.com
26708060182226,Fatma,Gaber,1967-08-06,Female,A-,fatma.gaber12@example.com
27612230114718,Mahmoud,Shahin,1976-12-23,Male,AB-,mahmoud.shahin72@example.com
27509100133012,Omnia,Nafae,1975-09-10,Male,A-,omnia.nafae96@example.com
29712260155516,Tarek,Gaber,1997-12-26,Male,B-,tarek.gaber47@example.com
29803170140029,Eslam,Shahin,1998-03-17,Female,AB+,eslam.shahin86@example.com
26605250124618,Ahmed,Shahin,1966-05-25,Male,B-,ahmed.shahin43@example.com
28301020194320,Omnia,Ragab,1983-01-02,Female,O+,omnia.ragab91@example.com
28705120166022,Mona,Radwan,1987-05-12,Female,O+,mona.radwan17@example.com
27401040126119,Mona,Soliman,1974-01-04,Male,A+,mona.soliman87@example.com
27802190129411,Omnia,Bakr,1978-02-19,Male,B+,omnia.bakr85@example.com
28101180135628,Mona,Nafae,1981-01-18,Female,AB+,mona.nafae44@example.com
27706270148521,Ahmed,Ragab,1977-06-27,Female,O-,ahmed.ragab30@example.com
26502180124618,Ahmed,Gaber,1965-02-18,Male,O-,ahmed.gaber32@example.com
27411020181014,Mona,Kamal,1974-11-02,Male,A-,mona.kamal85@example.com
28610270176416,Mahmoud,Shahin,1986-10-27,Male,B+,mahmoud.shahin49@example.com
27508170171429,Ahmed,Ragab,1975-08-17,Female,AB+,ahmed.ragab63@example.com
27503010113416,Ahmed,Nafae,1975-03-01,Male,B-,ahmed.nafae60@example.com
26911150164325,Omnia,Bakr,1969-11-15,Female,B-,omnia.bakr44@example.com
27207070151618,Tarek,Shahin,1972-07-07,Male,B-,tarek.shahin87@example.com
29910200169825,Ali,Nafae,1999-10-20,Female,B-,ali.nafae45@example.com
28903200170127,Ali,Ragab,1989-03-20,Female,O-,ali.ragab19@example.com
29502070177218,Omnia,Shahin,1995-02-07,Male,O+,omnia.shahin95@example.com
26109170189810,Fatma,Soliman,1961-09-17,Male,AB+,fatma.soliman50@example.com
28412030166719,Mona,Nafae,1984-12-03,Male,A+,mona.nafae88@example.com
26204150186721,Mahmoud,Gaber,1962-04-15,Female,O-,mahmoud.gaber16@example.com
29801270195329,Ahmed,Gaber,1998-01-27,Female,A-,ahmed.gaber34@example.com
29509160145423,Tarek,Kamal,1995-09-16,Female,B+,tarek.kamal91@example.com
28506260185811,Omnia,Nafae,1985-06-26,Male,O-,omnia.nafae39@example.com
29810190136520,Fatma,Kamal,1998-10-19,Female,A+,fatma.kamal91@example.com
28904080182120,Mona,Ragab,1989-04-08,Female,AB+,mona.ragab68@example.com
28808250120616,Tarek,Gaber,1988-08-25,Male,B-,tarek.gaber84@example.com
26111260197314,Omnia,Shahin,1961-11-26,Male,A+,omnia.shahin35@example.com
28802080116428,Hoda,Gaber,1988-02-08,Female,B-,hoda.gaber52@example.com
26503220157014,Ahmed,Radwan,1965-03-22,Male,A+,ahmed.radwan19@example.com
28010020156524,Fatma,Radwan,1980-10-02,Female,AB-,fatma.radwan64@example.com
27106160199915,Eslam,Nafae,1971-06-16,Male,B+,eslam.nafae83@example.com
27307010163218,Ahmed,Radwan,1973-07-01,Male,A+,ahmed.radwan79@example.com
29505220115810,Ahmed,Gaber,1995-05-22,Male,A+,ahmed.gaber50@example.com
26804180132015,Omnia,Ragab,1968-04-18,Male,O+,omnia.ragab87@example.com
27808160116928,Mahmoud,Eldaly,1978-08-16,Female,AB+,mahmoud.eldaly16@example.com
27305240152717,Tarek,Salem,1973-05-24,Male,B-,tarek.salem10@example.com
27901220114421,Ali,Gaber,1979-01-22,Female,O+,ali.gaber18@example.com
29203180183324,Eslam,Kamal,1992-03-18,Female,B+,eslam.kamal79@example.com
29708260162424,Ahmed,Shahin,1997-08-26,Female,A-,ahmed.shahin95@example.com
26211060143223,Ahmed,Bakr,1962-11-06,Female,A-,ahmed.bakr48@example.com
28910280183023,Mona,Ragab,1989-10-28,Female,AB+,mona.ragab35@example.com
26312210199213,Tarek,Nafae,1963-12-21,Male,A-,tarek.nafae48@example.com
27009240154226,Ali,Shahin,1970-09-24,Female,AB-,ali.shahin17@example.com
26308240160727,Ali,Ragab,1963-08-24,Female,O+,ali.ragab92@example.com
28503140132222,Mona,Radwan,1985-03-14,Female,B-,mona.radwan83@example.com
29406270168718,Hoda,Shahin,1994-06-27,Male,B-,hoda.shahin56@example.com
27111110139220,Eslam,Soliman,1971-11-11,Female,B-,eslam.soliman96@example.com
27412200130920,Eslam,Soliman,1974-12-20,Female,B-,eslam.soliman83@example.com
28809020152921,Ahmed,Bakr,1988-09-02,Female,A+,ahmed.bakr87@example.com
29607160159611,Eslam,Radwan,1996-07-16,Male,A+,eslam.radwan23@example.com
26809230154519,Mahmoud,Ragab,1968-09-23,Male,A+,mahmoud.ragab44@example.com
26205200121116,Omnia,Bakr,1962-05-20,Male,A-,omnia.bakr48@example.com
