national_id,first_name,last_name,date_of_birth,gender,blood_type,contact_email
28112201414219,Ahmed,Khalil,1981-12-20,Male,A-,ahmed.khalil85@gmail.com
26805281323881,Mona,Eldaly,1968-05-28,Female,B-,mona.eldaly93@gmail.com
28412153489003,Asmaa,Shahin,1984-12-15,Female,O+,asmaa.shahin53@gmail.com
29003130409462,Nour,Gaber,1990-03-13,Female,AB-,nour.gaber54@gmail.com
27103141908085,Mona,Shahin,1971-03-14,Female,AB-,mona.shahin83@gmail.com
28006113329614,Mahmoud,Hassan,1980-06-11,Male,A-,mahmoud.hassan58@gmail.com
27408041836325,Heidi,Soliman,1974-08-04,Female,A-,heidi.soliman87@gmail.com
27408292238859,Eslam,Salem,1974-08-29,Male,B-,eslam.salem97@gmail.com
26211173432365,Mona,Salem,1962-11-17,Female,A-,mona.salem37@gmail.com
29506302846925,Habiba,Nafae,1995-06-30,Female,B+,habiba.nafae41@gmail.com
29510311822429,Omnia,Kamal,1995-10-31,Female,O-,omnia.kamal21@gmail.com
27405093469672,Ali,Mansour,1974-05-09,Male,O+,ali.mansour58@gmail.com
26101112973809,Farida,Khalil,1961-01-11,Female,AB+,farida.khalil92@gmail.com
29901021246405,Sara,Radwan,1999-01-02,Female,B+,sara.radwan74@gmail.com
27711041138239,Khaled,Ragab,1977-11-04,Male,A+,khaled.ragab86@gmail.com
27001131889944,Salma,Eldaly,1970-01-13,Female,A+,salma.eldaly40@gmail.com
26603173354533,Mahmoud,Nafae,1966-03-17,Male,O-,mahmoud.nafae80@gmail.com
29712171395194,Tarek,Ragab,1997-12-17,Male,AB+,tarek.ragab61@gmail.com
30007030425322,Heidi,Ragab,2000-07-03,Female,AB-,heidi.ragab12@gmail.com
26008230372414,Wael,Salem,1960-08-23,Male,A-,wael.salem14@gmail.com
28105081568564,Aya,Ragab,1981-05-08,Female,B+,aya.ragab83@gmail.com
29607081309607,Asmaa,Nafae,1996-07-08,Female,AB-,asmaa.nafae64@gmail.com
26810290241242,Heidi,Hassan,1968-10-29,Female,B-,heidi.hassan34@gmail.com
27207292118758,Eslam,Shahin,1972-07-29,Male,B-,eslam.shahin19@gmail.com
26407152855302,Reem,Ibrahim,1964-07-15,Female,B-,reem.ibrahim31@gmail.com
27903061992403,Salma,Nafae,1979-03-06,Female,O+,salma.nafae10@gmail.com
28508042171388,Rania,Shahin,1985-08-04,Female,B+,rania.shahin34@gmail.com
26506203232101,Habiba,Hassan,1965-06-20,Female,O-,habiba.hassan74@gmail.com
26703101207092,Mohamed,Ragab,1967-03-10,Male,B-,mohamed.ragab61@gmail.com
26307262708379,Wael,Salem,1963-07-26,Male,AB-,wael.salem43@gmail.com
28310301913458,Ibrahim,Salem,1983-10-30,Male,AB-,ibrahim.salem19@gmail.com
26812200355039,Ziad,Bakr,1968-12-20,Male,AB+,ziad.bakr26@gmail.com
29302241616169,Aya,Salem,1993-02-24,Female,AB+,aya.salem88@gmail.com
26904171127012,Eslam,Radwan,1969-04-17,Male,B+,eslam.radwan44@gmail.com
29010051370349,Basma,Gaber,1990-10-05,Female,O-,basma.gaber42@gmail.com
28410270200353,Mahmoud,Kamal,1984-10-27,Male,AB+,mahmoud.kamal30@gmail.com
26011120407729,Reem,Kamal,1960-11-12,Female,A+,reem.kamal57@gmail.com
26310021637316,Kareem,Mansour,1963-10-02,Male,B-,kareem.mansour97@gmail.com
29606162776734,Ali,Soliman,1996-06-16,Male,B+,ali.soliman32@gmail.com
28910203495364,Fatma,El-Masry,1989-10-20,Female,AB+,fatma.el-masry30@gmail.com
30203241420476,Hussein,Hassan,2002-03-24,Male,AB+,hussein.hassan39@gmail.com
29509301728515,Ahmed,Gaber,1995-09-30,Male,AB-,ahmed.gaber92@gmail.com
26206230489843,Reem,Abdelrahman,1962-06-23,Female,AB+,reem.abdelrahman14@gmail.com
29101053280557,Sherif,Kamal,1991-01-05,Male,A-,sherif.kamal59@gmail.com
29902130153294,Tarek,Hassan,1999-02-13,Male,AB-,tarek.hassan65@gmail.com
28802292986815,Ibrahim,Bakr,1988-02-29,Male,AB+,ibrahim.bakr95@gmail.com
28607112513027,Hoda,Fawzy,1986-07-11,Female,O+,hoda.fawzy96@gmail.com
28612311956115,Sherif,Said,1986-12-31,Male,AB+,sherif.said36@gmail.com
28811282245264,Omnia,Bakr,1988-11-28,Female,O-,omnia.bakr31@gmail.com
29001260383835,Khaled,Ragab,1990-01-26,Male,B-,khaled.ragab35@gmail.com
